EventCode,NumMentions,Actor1Code,Actor1Name,Actor2Code,Actor2Name,NumArticles,DATEADDED
020,10,,,CZE,PILSEN,10,20230524060000
080,10,,,OPP,PROTESTER,10,20230524060000
114,10,AGR,FARMER,GOV,GOVERNMENT,10,20230524060000
114,10,BUS,BUSINESS,GOV,GOVERNMENT,10,20230524060000
180,20,COP,POLICE,CRM,CRIMINAL,10,20230524060000
060,10,COP,POLICE,CVL,VILLAGE,10,20230524060000
060,10,COP,POLICE,MED,MEDIA,10,20230524060000
020,10,COPBUS,POLICE,UAF,GUNMAN,10,20230524060000
090,10,COPBUS,POLICE,UAF,GUNMAN,10,20230524060000
180,10,COPCOP,POLICE,COP,POLICE,10,20230524060000
014,10,CRM,CRIMINAL,,,10,20230524060000
160,10,CVL,CIVILIAN,,,10,20230524060000
046,10,EDU,PROFESSOR,MED,JOURNALIST,10,20230524060000
084,10,GOV,GOVERNMENT,CVL,TOURIST,10,20230524060000
043,10,GOV,MINISTRY,IDN,KALIMANTAN,10,20230524060000
026,10,GOV,CABINET,LEG,CONGRESS,10,20230524060000
080,10,GOV,AUTHORITIES,LEG,REPRESENTATIVES,10,20230524060000
051,10,HINAST700,YOGA,,,10,20230524060000
070,10,HLH,WELFARE WORKER,IDN,KALIMANTAN,10,20230524060000
042,10,IDN,KALIMANTAN,GOV,MINISTRY,10,20230524060000
051,10,JEW,RABBI,,,10,20230524060000
130,10,JUD,PROSECUTOR,GOV,PRESIDENT,10,20230524060000
084,10,LEG,CHAMBER,,,10,20230524060000
0833,10,MDV,MALE,,,10,20230524060000
046,10,MED,JOURNALIST,EDU,PROFESSOR,10,20230524060000
111,10,MED,JOURNALIST,OPP,ACTIVIST,10,20230524060000
120,10,MIL,MILITARY,COP,CONSTAB,10,20230524060000
0331,10,MNCGBRMED,VODAFONE,,,10,20230524060000
084,10,MNCUSA,DISNEY,LAB,EMPLOYEE,10,20230524060000
190,10,REB,UPRISING,MIL,ARMY OFFICER,10,20230524060000
190,10,REBMIL,REBELLION,,,10,20230524060000
012,10,TUR,TURKEY,,,10,20230524060000
072,10,UAF,FIGHTER,MDV,MALE,10,20230524060000
060,10,scn,SICILIAN,EUR,EUROPEAN,10,20230524060000
071,10,scn,SICILIAN,EUR,EUROPEAN,10,20230524060000
112,10,,,ELI,ACTOR,10,20230524054500
051,10,AGR,FARMER,BUS,INDUSTRY,10,20230524054500
110,10,BUS,ENTREPRENEUR,BUSBUS,INVESTOR,10,20230524054500
180,10,BUS,BUSINESS,COP,POLICE,10,20230524054500
130,10,BUS,INDUSTRY,ELI,ACTOR,10,20230524054500
0356,20,BUS,BOSS,LEG,GENERAL ASSEMBLY,20,20230524054500
120,10,BUSBUS,INVESTOR,BUS,ENTREPRENEUR,10,20230524054500
020,10,COPMIL,POLICE,CRM,CRIMINAL,10,20230524054500
090,10,CRM,CRIMINAL,COPMIL,POLICE,10,20230524054500
125,10,CVL,VILLAGE,,,10,20230524054500
186,10,CVL,COMMUNITY,,,10,20230524054500
194,10,CVL,COMMUNITY,,,10,20230524054500
010,10,CVLBUS,TOURIST,,,10,20230524054500
090,10,DEU,BAVARIA,,,10,20230524054500
040,10,DOM,DOMINICAN,GOV,PRESIDENT,10,20230524054500
112,10,ELI,ACTOR,,,10,20230524054500
040,10,GOV,PRESIDENT,DOM,DOMINICAN,10,20230524054500
031,10,GOV,BUREAUCRAT,EDU,COLLEGE,10,20230524054500
051,10,GOV,PRESIDENT,PTY,PARTY LEADER,10,20230524054500
111,10,GOV,GOVERNMENT,nep,NEPALI,10,20230524054500
020,10,GOVCOP,AUTHORITIES,REF,REFUGEE,10,20230524054500
1822,10,HIN,HINDU,,,10,20230524054500
020,10,HLH,NURSE,RUS,TOMSK,10,20230524054500
080,10,IDN,PAPUA,,,10,20230524054500
040,10,IDNCOP,GORONTALO,,,10,20230524054500
020,10,ITA,CAMPANIA,,,10,20230524054500
013,10,LAB,WORKER,,,10,20230524054500
020,10,LAB,EMPLOYEE,BUS,COMPANY,10,20230524054500
051,10,MIL,MARINE CORP,AGR,FARMER,10,20230524054500
020,10,MOS,MUSLIM,,,10,20230524054500
051,10,NPL,KOSHI,,,10,20230524054500
051,10,NPL,KOSHI,GOV,GOVERNMENT,10,20230524054500
190,10,REB,RAIDER,COP,POLICE,10,20230524054500
173,10,RUS,TOMSK,CRM,CRIMINAL,10,20230524054500
0841,10,RUSEDU,KRASNOYARSK,COP,PRISON,10,20230524054500
173,10,RUSEDU,KRASNOYARSK,EDU,STUDENT,10,20230524054500
173,10,RUSJUD,TOMSK,CRM,CULPRIT,10,20230524054500
070,10,SET,SETTLER,,,10,20230524054500
1823,10,,,IND,BHUBANESWAR,10,20230524060000
174,10,,,JUD,LAWYER,10,20230524060000
100,10,,,LAB,WORKER,10,20230524060000
112,10,,,LAB,WORKER,10,20230524060000
112,10,,,UAF,FIGHTER,10,20230524060000
020,10,,,day,DAYAK,10,20230524060000
081,5,BUS,BANK,,,5,20230524060000
061,10,BUS,COMPANY,IND,HINDUSTAN,10,20230524060000
043,10,BUS,BUSINESS,MED,JOURNALIST,10,20230524060000
036,10,CHREDU,CHRISTIAN,EDU,STUDENT,10,20230524060000
112,10,COP,POLICE,CRM,CRIMINAL,10,20230524060000
193,10,COP,POLICEMEN,UAF,ARMED MEN,10,20230524060000
130,10,DEU,HALLE,GOV,KING,10,20230524060000
010,10,EDU,COLLEGE,LEG,SENATOR,10,20230524060000
128,5,GBRGOV,MANCHESTER,GOV,PREMIER,5,20230524060000
010,10,GOV,GOVERNOR,GOVBUS,PUBLIC SECTOR,10,20230524060000
020,10,GOV,GOVERNOR,GOVBUS,PUBLIC SECTOR,10,20230524060000
013,5,GOV,CHIEF EXECUTIVE,HLH,HOSPITAL,5,20230524060000
042,10,GOV,PRESIDENT,JUD,LAWYER,10,20230524060000
061,10,IND,HINDUSTAN,BUS,COMPANY,10,20230524060000
1053,5,JAN,JAIN,GOV,GOVERNMENT,5,20230524060000
114,10,JUD,CHIEF JUSTICE,EDU,SCHOOL,10,20230524060000
043,10,JUD,LAWYER,GOV,PRESIDENT,10,20230524060000
020,10,JUD,CHIEF JUSTICE,LEG,CONGRESS,10,20230524060000
060,10,LAB,EMPLOYEE,BUS,COMPANY,10,20230524060000
140,10,LAB,EMPLOYEE,USA,PORTLAND,10,20230524060000
071,10,MED,WRITER,,,10,20230524060000
042,10,MED,JOURNALIST,BUS,BUSINESS,10,20230524060000
051,10,MNCKOR,SAMSUNG,,,10,20230524060000
120,10,MNCUSA,NUVEEN,,,10,20230524060000
051,5,MNCUSA,DISNEY,AFR,AFRICA,5,20230524060000
070,10,dayCVL,DAYAK,,,10,20230524060000
073,10,dayCVL,DAYAK,,,10,20230524060000
057,10,,,ESP,ANDALUSIA,10,20230524053000
043,10,BUS,BANK,IDN,ACEH,10,20230524053000
042,10,BUSCOP,CORPORATION,UAF,ARMED MEN,10,20230524053000
0833,10,COP,DEPUTIES,,,10,20230524053000
090,10,COP,POLICE,UKR,KHARKIV,10,20230524053000
057,10,ESP,ANDALUSIA,,,10,20230524053000
090,10,ESP,CADIZ,GOV,MAYOR,10,20230524053000
016,10,GOV,EMPRESS,COP,POLICE,10,20230524053000
042,10,IDN,ACEH,BUS,BANK,10,20230524053000
051,10,IDN,ACEH,BUS,BANK,10,20230524053000
110,10,IDN,ACEH,BUS,BANK,10,20230524053000
020,10,IDN,RIAU,GOV,MINISTRY,10,20230524053000
125,10,IDN,RIAU,GOV,MINISTRY,10,20230524053000
036,20,LAB,UNIONS,LEGGOV,REPRESENTATIVES,20,20230524053000
020,10,LEG,PARLIAMENT,JUD,SUPREME COURT,10,20230524053000
186,10,MED,JOURNALIST,,,10,20230524053000
164,10,MIL,CARRIER,,,10,20230524053000
191,10,REB,UPRISING,,,10,20230524053000
080,10,REL,MONK,,,10,20230524053000
191,10,REL,SAINT,,,10,20230524053000
043,10,UAF,ARMED MEN,BUSCOP,CORPORATION,10,20230524053000
084,10,USAEDU,FLORIDA,,,10,20230524053000
1124,10,,,COP,POLICE,10,20230524061500
025,20,,,GOV,GOVERNMENT,20,20230524061500
190,10,,,MIL,COMMANDER,10,20230524061500
190,10,,,OPP,ACTIVIST,10,20230524061500
043,5,,,SWE,LUND,5,20230524061500
043,5,,,USACVL,ROCHESTER,5,20230524061500
071,5,ABR010,FREEMASON,,,5,20230524061500
070,5,BUS,BUSINESS,CVL,COMMUNITY,5,20230524061500
112,40,COP,POLICE,BUS,COMPANIES,40,20230524061500
173,5,COP,POLICE,COPMIL,POLICE,5,20230524061500
090,20,COP,POLICE,CRM,THIEF,20,20230524061500
190,10,COP,POLICE,CRM,THIEF,10,20230524061500
112,10,COP,POLICE,CVL,VILLAGE,10,20230524061500
180,5,COP,PRISON,JUD,JUDGE,5,20230524061500
025,10,CRM,GANG,COP,PRISON,10,20230524061500
173,10,CRM,GANG,NZLMED,AUCKLAND,10,20230524061500
128,10,CVL,COMMUNITY,,,10,20230524061500
1712,10,CVL,COMMUNITY,THA,BANGKOK,10,20230524061500
193,10,DEUCOP,BRUNSWICK,,,10,20230524061500
120,5,DEULEG,FRANKFORT,,,5,20230524061500
120,5,DEULEG,FRANKFORT,DEU,FRANKFORT,5,20230524061500
0874,10,EDU,SCHOOL,,,10,20230524061500
013,10,EDU,UNIVERSITY,CVL,CITIZEN,10,20230524061500
012,20,GOV,CHANCELLOR,BUS,INDUSTRY,10,20230524061500
020,10,GOVHLH,HEALTH DEPARTMENT,,,10,20230524061500
010,10,GRC,ATTICA,LEG,SENATE,10,20230524061500
017,10,HLH,NURSE,,,10,20230524061500
084,5,HLH,HOSPITAL,,,5,20230524061500
0841,10,HLH,HOSPITAL,LAB,STAFF MEMBER,10,20230524061500
120,10,IND,NEW DELHI,BUS,COMPANY,10,20230524061500
040,15,IND,JAMMU AND KASHMIR,MIL,CRUISER,10,20230524061500
017,5,INDGOVAGR,SHARAD PAWAR,LEG,PARLIAMENT,5,20230524061500
160,5,INDGOVAGR,SHARAD PAWAR,LEG,PARLIAMENT,5,20230524061500
128,10,JUD,JUDGE,,,10,20230524061500
084,10,MED,MEDIA,BUS,COMPANY,10,20230524061500
040,15,MIL,CRUISER,IND,JAMMU AND KASHMIR,10,20230524061500
010,10,MNCUSA,DISNEY,ELI,ACTOR,10,20230524061500
120,5,MYS,JOHOR,,,5,20230524061500
190,10,OPP,ACTIVIST,,,10,20230524061500
020,5,PTY,PARTY LEADER,KENGOV,RAILA ODINGA,5,20230524061500
042,5,SWE,LUND,,,5,20230524061500
051,10,SWE,LUND,,,10,20230524061500
042,5,USACVL,ROCHESTER,,,5,20230524061500
010,10,ZAF,CAPE TOWN,EDU,SCHOOL,10,20230524061500
043,10,,,AGR,FARMER,10,20230524043000
060,10,,,AGR,FARMER,10,20230524043000
041,10,,,COP,POLICE,10,20230524043000
043,10,,,LEGLEG,REPRESENTATIVES,10,20230524043000
042,10,AGR,FARMER,,,10,20230524043000
111,10,BGD,RANGPUR,,,10,20230524043000
190,10,BGD,JAMALPUR,EDU,SCHOOL,10,20230524043000
040,10,BUS,INDUSTRY,CVL,VILLAGE,10,20230524043000
057,10,BUS,BANK,JUD,PROSECUTOR,10,20230524043000
036,10,BUS,EMPLOYER,LAB,WORKER,10,20230524043000
041,10,COP,POLICE,,,10,20230524043000
060,10,COP,POLICE,EDU,SCHOOL,10,20230524043000
020,10,COP,DEPUTY,UAFMIL,FIGHTER,10,20230524043000
130,10,CRM,CRIMINAL,JUD,PROSECUTOR,10,20230524043000
040,10,CVL,VILLAGE,BUS,INDUSTRY,10,20230524043000
112,10,CVL,TOURIST,REB,UPRISING,10,20230524043000
051,10,GOV,PRESIDENT,GOVGOV,MINIST,10,20230524043000
112,20,GOVPTY,RULING PARTY,OPP,THE OPPOSITION,10,20230524043000
193,10,HLH,HOSPITAL,,,10,20230524043000
046,10,HLH,DOCTOR,MED,WRITER,10,20230524043000
010,10,IDN,LAMPUNG,,,10,20230524043000
020,10,IDN,LAMPUNG,JUD,PROSECUTOR,10,20230524043000
057,10,JUD,PROSECUTOR,BUS,BANK,10,20230524043000
1121,10,JUD,PROSECUTOR,CRM,CRIMINAL,10,20230524043000
036,10,LAB,WORKER,GOV,SECRETARIAT,10,20230524043000
112,10,LEG,SENATOR,MDV,MALE,10,20230524043000
042,10,LEGLEG,REPRESENTATIVES,,,10,20230524043000
044,10,MED,NEWSPAPER,,,10,20230524043000
060,10,MED,MEDIA,COP,POLICE,10,20230524043000
173,10,MED,MEDIA,COP,POLICE,10,20230524043000
046,10,MED,WRITER,HLH,DOCTOR,10,20230524043000
070,10,MIL,NAVY,,,10,20230524043000
073,10,MIL,MILITARY,,,10,20230524043000
129,10,OPP,ACTIVIST,,,10,20230524043000
051,10,PTY,POLITICAL PARTY,,,10,20230524043000
010,10,RUSGOVAGR,KRASNOYARSK,,,10,20230524043000
0353,10,,,CVL,COMMUNITY,10,20230524044500
045,10,,,CVL,COMMUNITY,10,20230524044500
031,10,,,EDU,SCHOOL,10,20230524044500
173,5,,,GBR,LONDON,5,20230524044500
0353,10,,,GOV,GOVERNMENT,10,20230524044500
051,10,,,INDCOP,KARNATAKA,10,20230524044500
174,10,AUS,NORTHERN TERRITORY,,,10,20230524044500
112,10,AUS,NORTHERN TERRITORY,COP,DEPUTY,10,20230524044500
038,10,COP,POLICE,,,10,20230524044500
173,10,COP,DEPUTIES,COL,SOLEDAD,10,20230524044500
111,10,COP,POLICE,CVL,RESIDENTS,10,20230524044500
017,10,COP,DEPUTY,EDU,SCHOOL,10,20230524044500
051,5,COP,DEPUTY,EDU,SCHOOL,5,20230524044500
190,10,COP,POLICE,USA,ATLANTA,10,20230524044500
130,10,COPGOV,DEPUTY,COP,POLICE OFFICER,10,20230524044500
110,10,CRM,CRIMINAL,,,10,20230524044500
0841,10,CVL,COMMUNITY,BUS,COMPANY,10,20230524044500
110,10,CVL,COMMUNITY,BUS,COMPANY,10,20230524044500
013,10,GOV,PRESIDENT,BUS,INDUSTRY,10,20230524044500
028,10,GOV,MAYOR,CVL,COMMUNITY,10,20230524044500
014,10,GOV,MINISTRY,EDU,SCHOOL,10,20230524044500
040,10,GOV,FOREIGN MINIST,IGOEUREEC,EUROPEAN COMMISSION,5,20230524044500
112,10,GOV,GOVERNOR,NGA,LAGOS,10,20230524044500
010,10,GOVEDU,EDUCATION MINIST,EDU,SCHOOL,10,20230524044500
040,10,IGOEUREEC,EUROPEAN COMMISSION,GOV,FOREIGN MINIST,5,20230524044500
090,5,IND,ASSAM,,,5,20230524044500
020,10,IND,ASSAM,COP,POLICE,10,20230524044500
180,10,IND,MANIPUR,MED,JOURNALIST,10,20230524044500
111,10,IND,MANIPUR,MIL,REGIMENT,10,20230524044500
114,10,IND,MANIPUR,MIL,REGIMENT,10,20230524044500
020,10,INDGOV,ASSAM,COP,POLICE,10,20230524044500
141,10,INDGOV,MANIPUR,IND,MANIPUR,10,20230524044500
173,10,INDGOV,MANIPUR,IND,MANIPUR,10,20230524044500
043,5,INDGOV,MANIPUR,MIL,REGIMENT,5,20230524044500
0874,10,INDGOV,ASSAM,MIL,ARMED FORCES,10,20230524044500
020,5,LEG,REPRESENTATIVES,EDU,COLLEGE,5,20230524044500
044,10,MED,CORRESPONDENT,USA,LAS VEGAS,10,20230524044500
0874,5,MIL,COMMANDANT,IND,ASSAM,5,20230524044500
042,5,MIL,REGIMENT,INDGOV,MANIPUR,5,20230524044500
120,5,MIL,REGIMENT,INDGOV,MANIPUR,5,20230524044500
020,10,MYS,SARAWAK,,,10,20230524044500
114,10,MYS,PUTRAJAYA,,,10,20230524044500
190,10,NZLJUD,CHRISTCHURCH,,,10,20230524044500
111,10,USA,ATLANTA,BUS,BUSINESS,10,20230524044500
090,10,USA,ATLANTA,COP,POLICE,10,20230524044500
013,5,zul,ZULU,,,5,20230524044500
051,5,zul,ZULU,,,5,20230524044500
051,10,,,SEA,SOUTHEAST ASIA,10,20230524043000
012,5,AGR,FARMER,,,5,20230524043000
110,5,AGR,FARMER,,,5,20230524043000
010,10,AUSCOP,TASMANIA,AUS,TASMANIA,10,20230524043000
138,10,AUSEDU,VICTORIA,NZLEDU,WELLINGTON,10,20230524043000
020,30,BUS,EMPLOYER,AFR,AFRICA,30,20230524043000
043,5,BUS,BUSINESS,LAB,WORKER,5,20230524043000
138,10,BUS,EMPLOYER,NZLEDU,WELLINGTON,10,20230524043000
013,10,COP,POLICE,CVL,COMMUNITY,10,20230524043000
042,10,CVL,RESIDENTS,HLH,HOSPITAL,10,20230524043000
010,10,CVL,CIVIL SOCIETY,PTY,POLITICAL PARTIES,10,20230524043000
036,10,EDU,SCHOOL,ELI,RETIRED,10,20230524043000
043,10,EDU,SCHOOL,ELI,RETIRED,10,20230524043000
010,5,EDU,COLLEGE,GOV,INTERIM PRESIDENT,5,20230524043000
013,10,EDUCVL,SCHOOL,EDU,SCHOOL,10,20230524043000
070,10,EDUEDU,SCHOOL,EDU,SCHOOL,10,20230524043000
036,10,ELI,RETIRED,EDU,SCHOOL,10,20230524043000
042,10,ELI,RETIRED,EDU,SCHOOL,10,20230524043000
081,5,GBR,WALES,,,5,20230524043000
010,10,GBR,SHEFFIELD,HLH,HOSPITAL,10,20230524043000
010,10,GBRCVL,SHEFFIELD,,,10,20230524043000
050,5,GOV,MAYOR,CVL,COMMUNITY,5,20230524043000
071,5,GOV,GOVERNMENT,EDU,SCHOOL,5,20230524043000
051,10,GOV,FIRE DEPARTMENT,LAB,EMPLOYEE,10,20230524043000
090,5,GOVEDU,DEPARTMENT OF EDUCATION,EDU,STUDENT,5,20230524043000
043,10,HLH,HOSPITAL,CVL,RESIDENTS,10,20230524043000
111,10,IGOUNO,UNITED NATIONS,CVL,CIVILIAN,10,20230524043000
084,5,IND,MAHARASHTRA,,,5,20230524043000
036,10,JUD,LAWYER,GOV,ATTORNEY GENERAL,10,20230524043000
090,10,JUD,LAWYER,GOV,ATTORNEY GENERAL,10,20230524043000
173,10,JUD,JUDGE,JORELI,HASSAN,10,20230524043000
042,5,LAB,WORKER,BUS,BUSINESS,5,20230524043000
060,10,LEG,NATIONAL ASSEMBLY,,,10,20230524043000
012,5,MED,MEDIA,,,5,20230524043000
080,5,MIL,LIEUTENANT COLONEL,,,5,20230524043000
172,10,MIL,CAPTAIN,,,10,20230524043000
080,5,MIL,LIEUTENANT COLONEL,COP,POLICE,5,20230524043000
035,10,MNCKOR,SAMSUNG,,,10,20230524043000
036,10,MNCKOR,SAMSUNG,,,10,20230524043000
060,10,NGO,ROTARY CLUB,EDU,SCHOOL,10,20230524043000
112,10,USACVL,ATLANTA,,,10,20230524043000
036,10,,,IND,MEGHALAYA,10,20230524050000
112,5,,,IND,BIHAR,5,20230524050000
1014,20,,,LEG,PARLIAMENT,20,20230524050000
020,10,,,USAGOV,SEATTLE,10,20230524050000
010,5,,,mao,MAORI,5,20230524050000
080,5,,,mao,MAORI,5,20230524050000
010,5,BUS,LANDLORD,CVL,TENANTS,5,20230524050000
020,10,BUS,BUSINESS,MIL,ARMY,10,20230524050000
017,5,COP,DEPUTY,,,5,20230524050000
1383,10,COP,POLICE,,,10,20230524050000
090,5,COP,POLICE,COPMIL,POLICE,5,20230524050000
010,10,COP,POLICE,CVL,VILLAGE,10,20230524050000
017,5,COP,DEPUTY,GOV,MAYOR,5,20230524050000
040,5,COP,PRISON,GOV,ADVISORY BOARD,5,20230524050000
090,10,COP,POLICE,MDV,MALE,10,20230524050000
145,10,CRM,ROBBER,,,10,20230524050000
0231,10,CVL,COMMUNITY,,,10,20230524050000
190,10,CVL,VILLAGE,COP,POLICE,10,20230524050000
010,5,CVL,VILLAGE,GBR,UNITED KINGDOM,5,20230524050000
026,5,EDU,SCHOOL,,,5,20230524050000
040,10,EDU,STUDENT,CVL,COMMUNITY,10,20230524050000
051,10,EDU,COLLEGE,GOV,MINIST,10,20230524050000
042,5,EDU,SCHOOL,JEW,JEWISH,5,20230524050000
042,5,ELIJUD,RETIRED,JUDJUD,JUDGE,5,20230524050000
172,10,GOV,GOVERNMENT,,,10,20230524050000
084,10,GOV,AUTHORITIES,BUS,COMPANY,10,20230524050000
040,5,GOV,ADVISORY BOARD,COP,PRISON,5,20230524050000
036,10,IND,MEGHALAYA,,,10,20230524050000
112,5,IND,BIHAR,COP,POLICE,5,20230524050000
036,10,IND,MEGHALAYA,INDGOV,ASSAM,10,20230524050000
075,10,IND,MIZORAM,REF,DISPLACED PEOPLE,10,20230524050000
1711,10,INDCOP,MIZORAM,,,10,20230524050000
020,10,INDCOP,ASSAM,GOV,GOVERNMENT,10,20230524050000
080,10,INDCOP,ASSAM,GOV,GOVERNMENT,10,20230524050000
036,10,INDGOV,ASSAM,IND,MEGHALAYA,10,20230524050000
020,10,IRLGOV,TARA,,,10,20230524050000
090,10,IRLGOV,TARA,,,10,20230524050000
043,5,JEW,JEWISH,EDU,SCHOOL,5,20230524050000
1044,10,JUD,CHIEF JUSTICE,,,10,20230524050000
173,10,JUD,LAWYER,CRM,CRIMINAL,10,20230524050000
043,5,JUDJUD,JUDGE,ELIJUD,RETIRED,5,20230524050000
010,10,LAB,EMPLOYEE,IND,MEGHALAYA,10,20230524050000
015,10,LEG,HOUSE SPEAKER,GOV,PRESIDENT,10,20230524050000
182,5,MIL,CRUISER,IND,JAMMU AND KASHMIR,5,20230524050000
190,5,MIL,CRUISER,IND,JAMMU AND KASHMIR,5,20230524050000
020,10,MNCHKG,LENOVO,,,10,20230524050000
111,10,MNCHKG,LENOVO,,,10,20230524050000
1043,10,OPP,PROTESTER,nag,NAGA,10,20230524050000
036,10,POL,POLISH,,,10,20230524050000
010,10,RAD,EXTREMIST,,,10,20230524050000
020,15,USACOP,SEATTLE,,,10,20230524050000
112,10,USAGOV,ATLANTA,CRM,GANG,10,20230524050000
051,10,miz,MIZO,,,10,20230524050000
040,10,,,RUS,IRKUTSK,10,20230524044500
051,10,BGR,PLOVDIV,,,10,20230524044500
0331,10,BUS,COMPANY,,,10,20230524044500
036,10,BUS,BUSINESS,DOM,REPUBLICA DOMINICANA,10,20230524044500
100,10,BUS,INDUSTRY,GOV,GOVERNMENT,10,20230524044500
130,10,COP,POLICE,CVL,VILLAGE,10,20230524044500
020,10,CVLCVL,VILLAGE,,,10,20230524044500
071,10,CVLCVL,RESIDENTS,,,10,20230524044500
193,10,DOM,REPUBLICA DOMINICANA,,,10,20230524044500
036,10,DOM,REPUBLICA DOMINICANA,BUS,BUSINESS,10,20230524044500
125,10,EDU,STUDENT,GOV,MINISTRY,10,20230524044500
186,10,GOV,MINISTRY,EDU,STUDENT,10,20230524044500
036,10,GOV,GOVERNMENT,LAB,TRADE UNION,10,20230524044500
043,10,GOV,PRIME MINISTER,PTY,POLITICIAN,10,20230524044500
084,10,IDN,YOGYAKARTA,,,10,20230524044500
1014,10,JUD,PROSECUTOR,,,10,20230524044500
020,10,JUD,PROSECUTOR,CRM,CRIMINAL,10,20230524044500
1014,10,MIL,LIEUTENANT,,,10,20230524044500
010,10,MIL,CARRIER,JEW,RABBI,10,20230524044500
042,10,PTY,POLITICIAN,GOV,PRIME MINISTER,10,20230524044500
190,10,RAD,EXTREMIST,,,10,20230524044500
010,10,REL,SAINT,BUS,BUSINESS,10,20230524044500
190,10,REL,SAINT,BUS,BUSINESS,10,20230524044500
040,10,RUS,IRKUTSK,,,10,20230524044500
111,20,RUS,KRASNOYARSK,,,10,20230524044500
114,10,RUS,RUSSIAN,,,10,20230524044500
193,10,RUS,IRKUTSK,CRM,CRIMINAL,10,20230524044500
111,10,RUS,KRASNOYARSK,EDU,STUDENT,10,20230524044500
0231,10,SPY,INTELLIGENCE,,,10,20230524044500
081,5,,,BTN,BUMTHANG,5,20230524070000
041,5,,,BUS,BUSINESS,5,20230524070000
1031,10,,,BUS,INVESTOR,10,20230524070000
051,10,,,GBR,WALES,10,20230524070000
1014,5,,,GOV,MINIST OF STATE,5,20230524070000
042,10,,,HIN,HINDU,10,20230524070000
0841,10,,,MED,WEBSITE,10,20230524070000
042,5,,,NRMRAC020,CREATIVITY,5,20230524070000
100,5,,,kad,KADAZAN,5,20230524070000
046,10,AGR,GRANGER,CVL,COMMUNITY,10,20230524070000
033,20,BOL,SANTA CRUZ,,,10,20230524070000
033,10,BOL,SANTA CRUZ,BUS,BANK,10,20230524070000
110,5,BTN,CHUKHA,,,5,20230524070000
041,5,BUS,BUSINESS,,,5,20230524070000
020,5,BUS,INDUSTRY,MNCUSA,NVIDIA,5,20230524070000
090,10,BUSMED,BANK,BUS,BANK,10,20230524070000
090,10,CAN,ONTARIO,CVL,RESIDENTS,10,20230524070000
051,10,CAN,ONTARIO,JUD,LAWYER,10,20230524070000
040,10,CAN,ONTARIO,LEG,DELEGATE,10,20230524070000
070,10,CHRPRO300,PRESBYTERIAN,CVL,COMMUNITY,10,20230524070000
0353,10,COP,POLICE,,,10,20230524070000
070,10,COP,POLICE OFFICER,,,10,20230524070000
151,10,COP,POLICE,,,10,20230524070000
152,10,COP,POLICE,,,10,20230524070000
114,5,COP,POLICE,CRM,CRIMINAL,5,20230524070000
090,5,COP,POLICE,HLH,HOSPITAL,5,20230524070000
173,10,COP,DEPUTY,MIL,CAPTAIN,10,20230524070000
046,10,CVL,COMMUNITY,AGR,GRANGER,10,20230524070000
112,10,CVL,TENANTS,BUS,LANDLORD,10,20230524070000
173,10,CVL,MIGRANT,COP,BORDER PATROL,10,20230524070000
138,10,EDU,COLLEGE,GBRIMY,MANX,10,20230524070000
042,10,EDU,SCHOOL,USA,OREGON,10,20230524070000
111,10,FRA,FRENCH,ITA,RIVIERA,10,20230524070000
010,10,GBRCOP,WALES,,,10,20230524070000
090,10,GBRCOP,WALES,,,10,20230524070000
0356,10,GBRIMY,ISLE OF MAN,,,10,20230524070000
128,10,GBRIMY,ISLE OF MAN,,,10,20230524070000
073,20,GOV,CHIEF EXECUTIVE,BOLBUS,SANTA CRUZ,10,20230524070000
010,10,GOVEDU,EDUCATION MINIST,IGOUNOWBK,THE WB,10,20230524070000
040,10,GOVGOV,GOVERNMENT,LEG,DELEGATE,10,20230524070000
043,10,HIN,HINDU,,,10,20230524070000
051,10,IND,BHUBANESWAR,HIN,HINDU,10,20230524070000
084,10,IND,WEST BENGAL,IGOUNOWBK,THE WB,10,20230524070000
010,10,JUD,DISTRICT COURT,IND,HARYANA,10,20230524070000
100,10,JUD,DISTRICT COURT,IND,HARYANA,10,20230524070000
110,10,JUD,DISTRICT COURT,IND,HARYANA,10,20230524070000
138,10,JUD,DISTRICT COURT,IND,HARYANA,10,20230524070000
017,10,LAB,WORKER,,,10,20230524070000
040,10,LEG,DELEGATE,CAN,ONTARIO,10,20230524070000
040,10,LEG,DELEGATE,GOVGOV,GOVERNMENT,10,20230524070000
112,5,MED,JOURNALIST,COP,DEPUTY,5,20230524070000
051,5,MNCUSA,NVIDIA,BUS,COMPANY,5,20230524070000
051,5,MNCUSAMED,QUALCOMM,BUS,COMPANY,5,20230524070000
051,10,MYS,JOHOR,MYSGOV,JOHOR,10,20230524070000
036,5,NGOHLHIRC,RED CROSS,USA,SEATTLE,5,20230524070000
043,5,NRMRAC020,CREATIVITY,,,5,20230524070000
020,10,OPP,ACTIVIST,COP,BORDER PATROL,10,20230524070000
014,5,OPP,THE OPPOSITION,IRNLAB,KURDISTAN,5,20230524070000
163,10,PTY,POLITICAL PARTIES,LEG,PARLIAMENT,10,20230524070000
010,5,REL,BISHOP,EDU,SCHOOL,5,20230524070000
115,10,USA,CLEVELAND,,,10,20230524070000
015,10,USA,LAWRENCE,COP,PRISON,10,20230524070000
010,10,USA,OREGON,EDU,SCHOOL,10,20230524070000
043,10,USA,OREGON,EDU,SCHOOL,10,20230524070000
036,5,USA,SEATTLE,NGOHLHIRC,RED CROSS,5,20230524070000
0874,20,,,BUS,BANK,10,20230524063000
036,5,,,USAEDU,NORTH CAROLINA,5,20230524063000
036,10,,,ben,BENGALI,10,20230524063000
0841,10,COP,POLICE,FJIGOV,VOREQE BAINIMARAMA,10,20230524063000
046,10,COP,DEPUTY,GOVBUS,PREMIER,10,20230524063000
190,5,COP,DEPUTY,MIL,COMMANDER,5,20230524063000
016,10,CRM,CRIMINAL,,,10,20230524063000
015,10,CRM,THIEF,GBR,EDINBURGH,10,20230524063000
120,10,EDU,STUDENT,CVLEDU,COMMUNITY,10,20230524063000
060,10,EDU,UNIVERSITY,USA,FLORIDA,10,20230524063000
043,10,GBR,MANCHESTER,USA,RICHMOND,10,20230524063000
1721,10,GOV,GOVERNMENT,,,10,20230524063000
100,10,GOV,REGULATOR,BUS,COMPANIES,10,20230524063000
122,5,GOV,FINANCE MINIST,EDU,SCHOOL,5,20230524063000
010,5,GOV,PRESIDENT,JUD,PROSECUTOR,5,20230524063000
112,5,GOV,GOVERNMENT,JUD,LAWYER,5,20230524063000
046,10,GOVBUS,PREMIER,COP,DEPUTY,10,20230524063000
111,10,IND,DELHI,BUS,INDUSTRY,10,20230524063000
125,10,JUD,LAWYER,,,10,20230524063000
013,10,MED,WEBSITE,MNCUSA,MICROSOFT,10,20230524063000
060,10,MED,WEBSITE,MNCUSA,MICROSOFT,10,20230524063000
040,30,MMR,RAKHINE STATE,,,30,20230524063000
1712,15,MMR,RAKHINE STATE,,,15,20230524063000
110,10,MNCUSAMED,GOOGLE,,,10,20230524063000
1014,20,OPP,THE OPPOSITION,,,20,20230524063000
017,10,SIK,SIKH,,,10,20230524063000
051,10,SIK,SIKH,,,10,20230524063000
010,5,SIKEDU,SIKH,,,5,20230524063000
042,10,USA,RICHMOND,GBR,MANCHESTER,10,20230524063000
036,5,USAEDU,NORTH CAROLINA,,,5,20230524063000
090,10,USAEDU,ARIZONA,SPY,INTELLIGENCE,10,20230524063000
190,10,USAELI,LOUISVILLE,,,10,20230524063000
111,10,ZAF,BLOEMFONTEIN,JPN,SAGA,10,20230524063000
012,10,ZWE,BULAWAYO,,,10,20230524063000
036,10,ben,BENGALI,,,10,20230524063000
057,10,,,CVL,SETTLEMENT,10,20230524061500
040,10,,,ESP,GALICIA,10,20230524061500
036,10,,,EUR,EUROPEAN,10,20230524061500
042,10,,,ITA,PIEDMONT,10,20230524061500
051,10,BUS,BUSINESS,GOV,PRESIDENT,10,20230524061500
040,10,BUS,COMPANIES,SPY,INTELLIGENCE,10,20230524061500
1712,10,COP,POLICE,CVL,VILLAGE,10,20230524061500
173,10,COP,POLICE,ELI,ACTOR,10,20230524061500
084,10,CRM,THIEVES,,,10,20230524061500
057,10,CVL,SETTLEMENT,,,10,20230524061500
051,10,CVL,VILLAGE,AGR,FARMER,10,20230524061500
051,10,CVL,VOTER,TURGOV,RECEP TAYYIP ERDOGAN,10,20230524061500
114,10,EDU,STUDENT,,,10,20230524061500
040,10,ESP,GALICIA,,,10,20230524061500
036,10,EUR,EUROPEAN,,,10,20230524061500
173,10,EUR,EUROPEAN,,,10,20230524061500
040,10,FRA,REIMS,CVL,TOURIST,10,20230524061500
046,10,GOV,GOVERNMENT,KOR,SEOUL,10,20230524061500
043,10,GOV,MINIST OF JUSTICE,LEG,NATIONAL ASSEMBLY,10,20230524061500
084,10,HINAST700,YOGA,,,10,20230524061500
020,10,IND,TAMIL NADU,LAB,WORKER,10,20230524061500
043,10,ITA,PIEDMONT,,,10,20230524061500
0841,10,ITA,CALABRIA,ELIELI,ACTOR,10,20230524061500
112,10,JUD,PROSECUTOR,LEG,PARLIAMENT,10,20230524061500
046,10,KOR,SEOUL,GOV,GOVERNMENT,10,20230524061500
010,10,LEG,LEGISLATOR,DOM,REPUBLICA DOMINICANA,10,20230524061500
042,10,LEG,NATIONAL ASSEMBLY,GOV,MINIST OF JUSTICE,10,20230524061500
016,10,MDV,MALE,,,10,20230524061500
040,10,MED,MEDIA,LAB,WORKER,10,20230524061500
010,10,NPL,GORKHA,,,10,20230524061500
180,10,OPP,ACTIVIST,LEG,SENATE,10,20230524061500
160,10,OPPGOV,THE OPPOSITION,,,10,20230524061500
060,10,REL,PRIEST,,,10,20230524061500
040,10,SPY,INTELLIGENCE,BUS,COMPANIES,10,20230524061500
012,10,ZAFGOVEDU,WESTERN CAPE,,,10,20230524061500
172,10,ZAFGOVEDU,WESTERN CAPE,,,10,20230524061500
190,10,,,AFR,AFRICA,10,20230524063000
173,10,,,ELI,ACTOR,10,20230524063000
040,10,,,GOVEDU,MINIST OF EDUCATION,10,20230524063000
043,10,,,GOVREL,FOREIGN MINIST,10,20230524063000
112,10,,,HLH,HOSPITAL,10,20230524063000
043,10,,,SAUGOV,ABDULLAH,10,20230524063000
036,10,BUS,CORPORATION,COP,POLICE,10,20230524063000
070,10,BUSBUS,AEROSPACE,BUS,AEROSPACE,10,20230524063000
022,10,BUSCOP,CORPORATION,,,10,20230524063000
1014,10,COP,POLICE,,,10,20230524063000
036,10,COP,POLICE,BUS,CORPORATION,10,20230524063000
020,10,COP,DEPUTIES,JUD,PROSECUTOR,10,20230524063000
173,10,COP,POLICE,NPL,JHAPA,10,20230524063000
1712,10,CVL,RESIDENTS,,,10,20230524063000
1822,10,CVL,VILLAGE,,,10,20230524063000
112,10,CVL,VILLAGE,RUS,IVANOVO,10,20230524063000
190,10,CVL,VILLAGE,RUS,IVANOVO,10,20230524063000
071,10,EDU,SCHOOL,BUS,BOSS,10,20230524063000
173,20,ELI,ACTOR,,,20,20230524063000
050,10,ESPBUS,TOLEDO,NGOCHRCTH,CARITAS,10,20230524063000
036,10,EUR,EUROPEAN,GOV,PRESIDENT,10,20230524063000
172,10,EUR,EUROPE,LEG,LEGISLATOR,10,20230524063000
020,10,GOV,GOVERNOR,AGR,FARMER,10,20230524063000
114,10,GOV,GOVERNOR,AGR,FARMER,10,20230524063000
0356,10,GOV,GOVERNMENT,BUS,INDUSTRY,10,20230524063000
036,10,GOV,PRESIDENT,EUR,EUROPEAN,10,20230524063000
141,10,GOV,PRESIDENT,REL,SAINT,10,20230524063000
040,10,GOVEDU,MINIST OF EDUCATION,,,10,20230524063000
040,10,GOVPTY,RULING PARTY,,,10,20230524063000
042,10,GOVREL,FOREIGN MINIST,,,10,20230524063000
051,10,HIN,HINDU,IDN,BANDUNG,10,20230524063000
180,10,HLH,HOSPITAL,,,10,20230524063000
060,10,IDN,RIAU,GOV,MINISTRY,10,20230524063000
051,10,IDN,BALI,HIN,HINDU,10,20230524063000
114,10,JUD,PROSECUTOR,BUS,COMPANY,10,20230524063000
043,10,KOR,SEOUL,LEG,REPRESENTATIVES,10,20230524063000
186,10,LAB,WORKER,,,10,20230524063000
042,10,LEG,REPRESENTATIVES,KOR,SEOUL,10,20230524063000
040,10,MUSGOV,PRAVIND JUGNAUTH,GOV,GOVERNMENT,10,20230524063000
012,10,OPP,THE OPPOSITION,,,10,20230524063000
084,10,REL,PILGRIM,,,10,20230524063000
010,10,REL,PREACHER,MOS,ISLAM,10,20230524063000
042,10,SAUGOV,ABDULLAH,,,10,20230524063000
100,10,,,EDU,ACADEMICS,10,20230524064500
040,10,,,NLD,HOLLAND,10,20230524064500
042,10,,,NZL,WAIKATO,10,20230524064500
040,5,,,SPY,INTELLIGENCE,5,20230524064500
043,10,CHRPRO210,LUTHERAN,NGOUSAEDU,DELTA KAPPA GAMMA,10,20230524064500
090,10,CVL,SETTLEMENT,JUD,ATTORNEY,10,20230524064500
041,5,CVL,VILLAGER,MIL,MAJOR GENERAL,5,20230524064500
046,5,CVL,VILLAGER,MIL,MAJOR GENERAL,5,20230524064500
010,10,CVL,COMMUNITY,USACOP,MEMPHIS,10,20230524064500
010,10,EDU,UNIVERSITY,BUS,BUSINESS,10,20230524064500
012,10,EDU,SCHOOL,EDUMED,SCHOOL,10,20230524064500
020,10,EDU,SCHOOL,LAB,STAFF MEMBER,10,20230524064500
051,10,EDUEDU,SCHOOL,EDU,SCHOOL,10,20230524064500
030,10,ELI,ACTOR,USA,INDIANAPOLIS,10,20230524064500
173,10,GOV,AUTHORITIES,JUD,SUPREME COURT,10,20230524064500
120,10,IND,CHANDIGARH,,,10,20230524064500
120,10,IND,CHANDIGARH,MILJUD,ARMED FORCES,10,20230524064500
120,10,INDEDU,KARNATAKA,,,10,20230524064500
192,20,JUD,JUDGE,,,20,20230524064500
081,10,JUD,JUDGE,COP,PRISON,10,20230524064500
128,10,JUD,JUDGE,COP,PRISON,10,20230524064500
130,10,JUD,JUDGE,COP,PRISON,10,20230524064500
071,10,JUD,ATTORNEY,CVL,SETTLEMENT,10,20230524064500
020,10,LAB,UNIONS,EDU,SCHOOL,10,20230524064500
100,5,LEG,PARLIAMENT HOUSE,GOV,PRIME MINISTER,5,20230524064500
010,10,LEG,SENATOR,LAB,WORKER,10,20230524064500
0214,10,LEG,SENATOR,LAB,WORKER,10,20230524064500
031,10,MIL,MILITARY,,,10,20230524064500
040,5,MIL,MAJOR GENERAL,CVL,VILLAGER,5,20230524064500
041,5,MIL,MAJOR GENERAL,CVL,VILLAGER,5,20230524064500
046,5,MIL,MAJOR GENERAL,CVL,VILLAGER,5,20230524064500
010,10,MNCKOR,SAMSUNG,,,10,20230524064500
042,10,NGOUSAEDU,DELTA KAPPA GAMMA,CHRPRO210,LUTHERAN,10,20230524064500
040,10,NLD,HOLLAND,,,10,20230524064500
043,10,NZL,WAIKATO,,,10,20230524064500
060,10,NZL,AUCKLAND,,,10,20230524064500
163,10,OPP,THE OPPOSITION,,,10,20230524064500
1822,10,OPP,HUMAN RIGHTS ACTIVIST,,,10,20230524064500
163,10,OPP,THE OPPOSITION,GOV,GOVERNMENT,10,20230524064500
010,5,OPP,OPPOSITION PARTIES,LEG,PARLIAMENT HOUSE,5,20230524064500
163,20,OPP,OPPOSITION PARTIES,LEG,PARLIAMENT,10,20230524064500
013,5,SPY,INTELLIGENCE,,,5,20230524064500
040,5,SPY,INTELLIGENCE,,,5,20230524064500
010,25,USA,NEW YORK,BUS,COMPANY,10,20230524064500
125,10,USA,MEMPHIS,CVL,COMMUNITY,10,20230524064500
112,10,USA,ARKANSAS,EDU,UNIVERSITY,10,20230524064500
130,10,USAMED,WALL STREET JOURNAL,,,10,20230524064500
0214,5,kisLEG,KISII,GOV,GOVERNOR,5,20230524064500
042,10,,,HINAST700,YOGA,10,20230524040000
046,10,,,NPL,BARA,10,20230524040000
010,10,AFR,AFRICA,,,10,20230524040000
075,10,CVL,COMMUNITY,IND,MIZORAM,10,20230524040000
083,10,GOV,ELECTION COMMISSION,,,10,20230524040000
043,10,HINAST700,YOGA,,,10,20230524040000
036,2,IDN,INDONESIA,,,2,20230524040000
051,1,IDN,SEMARANG,,,1,20230524040000
051,1,IDN,JAKARTA,REL,PILGRIM,1,20230524040000
120,10,IND,KARNATAKA,GOV,GOVERNMENT,10,20230524040000
036,10,ITA,SICILY,,,10,20230524040000
180,10,LEG,LEGISLATOR,,,10,20230524040000
190,10,MEX,MEXICO,CRM,CRIMINAL,10,20230524040000
0874,10,MIL,ARMY,HLH,HOSPITAL,10,20230524040000
072,10,MIL,MILITARY,UKR,DONETSK,10,20230524040000
046,10,NPL,BARA,,,10,20230524040000
020,10,OPP,PRISONER,MIL,MILITARY,10,20230524040000
042,1,UKRGOV,UKRAINE,,,1,20230524040000
036,10,,,CRM,CRIMINAL,10,20230524034500
042,10,,,PTY,POLITICIAN,10,20230524034500
028,20,BUS,BANK,,,10,20230524034500
033,10,BUS,BUSINESS,,,10,20230524034500
043,10,BUS,BANK,JUD,MAGISTRATE,10,20230524034500
173,10,COP,POLICE,CVLEDU,NEIGHBORHOOD,10,20230524034500
173,10,COP,POLICE,LAB,WORKER,10,20230524034500
036,10,CRM,CRIMINAL,,,10,20230524034500
020,10,CRM,CRIMINAL,JUD,APPEALS COURT,10,20230524034500
043,10,CVL,POPULATION,RUSCVL,IRKUTSK,10,20230524034500
012,10,EDUEDU,UNIVERSITY,,,10,20230524034500
129,10,GOV,GOVERNOR,JUD,PROSECUTOR,10,20230524034500
010,10,GOVCOP,HIGH OFFICIAL,CRM,CRIMINAL,10,20230524034500
071,10,GOVMED,MINIST OF COMMUNICATION,,,10,20230524034500
110,10,GOVMED,MINIST OF COMMUNICATION,,,10,20230524034500
022,10,HLHEDU,HOSPITAL,,,10,20230524034500
042,10,JUD,MAGISTRATE,BUS,BANK,10,20230524034500
090,10,KOR,SEOUL,BUS,COMPANY,10,20230524034500
030,10,LAB,WORKER,,,10,20230524034500
020,20,LAB,WORKER,LEG,PARLIAMENT,10,20230524034500
100,10,LAB,WORKER,MIL,MILITARY,10,20230524034500
040,10,LEG,DELEGATE,REL,SAINT,10,20230524034500
114,10,MIL,MILITARY,,,10,20230524034500
020,10,NPLHLH,GULMI,NPL,GULMI,10,20230524034500
043,10,PTY,POLITICIAN,,,10,20230524034500
051,10,REL,MONK,CVL,RESIDENTS,10,20230524034500
040,10,REL,SAINT,LEG,DELEGATE,10,20230524034500
042,10,RUSCVL,IRKUTSK,CVL,POPULATION,10,20230524034500
010,10,SAU,MEDINA,,,10,20230524034500
042,10,,,IDN,PAPUA,10,20230524041500
051,10,,,ace,ACEHNESE,10,20230524041500
043,10,AGR,FARMER,BUS,PRODUCER,10,20230524041500
100,10,AGR,FARMER,BUS,COMPANY,10,20230524041500
186,10,BUS,MERCHANT,,,10,20230524041500
042,10,BUS,PRODUCER,AGR,FARMER,10,20230524041500
090,10,BUS,INVESTOR,CRM,CRIMINAL,10,20230524041500
010,10,COP,POLICE CHIEF,ELI,ACTOR,10,20230524041500
051,10,COPGOV,POLICE,BUS,INDUSTRY,10,20230524041500
051,20,CRM,CRIMINAL,,,10,20230524041500
0841,10,CRM,CRIMINAL,JUD,JUDGE,10,20230524041500
043,10,CVL,NEIGHBORHOOD,EDU,COLLEGE,10,20230524041500
042,10,EDU,COLLEGE,CVL,NEIGHBORHOOD,10,20230524041500
111,10,EDU,STUDENT,GOV,AUTHORITIES,10,20230524041500
046,10,EDU,SCHOOL,MCOELI,ALBERT,10,20230524041500
1821,10,ELI,ACTOR,,,10,20230524041500
180,10,ELI,ACTOR,IDN,PAPUA,10,20230524041500
0332,10,GOV,GOVERNMENT,,,10,20230524041500
141,10,GOV,GOVERNMENT,,,10,20230524041500
190,10,GOV,GOVERNMENT,CRM,ORGANIZED CRIME,10,20230524041500
012,10,GOV,GOVERNMENT,CVL,VOTER,10,20230524041500
084,10,GOV,REGIME,ESP,GALICIA,10,20230524041500
051,10,GOV,MAYOR,FRA,LOIRE,10,20230524041500
046,10,GOV,MAYOR,LAB,WORKER,10,20230524041500
051,10,GOVJUD,MINIST,,,10,20230524041500
043,10,IDN,PAPUA,,,10,20230524041500
1821,10,LAB,WORKER,COP,POLICE,10,20230524041500
046,10,LAB,WORKER,GOV,MAYOR,10,20230524041500
040,10,LEG,REPRESENTATIVES,RUS,TATARSTAN,10,20230524041500
057,10,LEG,REPRESENTATIVES,RUS,TATARSTAN,10,20230524041500
051,10,MOS,ISLAM,,,10,20230524041500
040,10,RUS,TATARSTAN,LEG,REPRESENTATIVES,10,20230524041500
057,10,RUS,TATARSTAN,LEG,REPRESENTATIVES,10,20230524041500
040,10,,,AGR,FARMER,10,20230524040000
1823,10,,,COP,POLICE,10,20230524040000
042,10,,,FRA,CANNES,10,20230524040000
046,10,,,MNCUSA,MICROSOFT,10,20230524040000
040,10,AGR,FARMER,,,10,20230524040000
051,10,AGR,FISHER,,,10,20230524040000
130,10,AUS,VICTORIA,,,10,20230524040000
011,10,BUS,BUSINESS,,,10,20230524040000
124,10,BUS,BUSINESS,,,10,20230524040000
020,10,BUS,INDUSTRY,ELI,ACTOR,10,20230524040000
090,5,BUS,COMPANY,MNCUSAMED,GOOGLE,5,20230524040000
111,10,CANELI,ALBERTA,CAN,ALBERTA,10,20230524040000
010,10,COPCOP,POLICE,,,10,20230524040000
112,5,CVL,VILLAGE,COP,POLICE,5,20230524040000
130,5,CVL,RESIDENTS,MED,MEDIA,5,20230524040000
0831,5,EDU,SCHOOL,,,5,20230524040000
042,10,EDU,SCHOOL,JUD,PROSECUTOR,10,20230524040000
0831,5,EDU,SCHOOL,LAB,EMPLOYEE,5,20230524040000
043,10,FRA,CANNES,,,10,20230524040000
111,10,GBRGOV,WALES,,,10,20230524040000
080,10,GOV,MINIST,PNG,PORT MORESBY,10,20230524040000
020,10,IRL,CORK,,,10,20230524040000
013,10,JUD,PUBLIC DEFENDER,,,10,20230524040000
018,5,JUD,JUDGE,,,5,20230524040000
028,10,JUD,LAWYER,,,10,20230524040000
043,10,JUD,PROSECUTOR,EDU,SCHOOL,10,20230524040000
026,10,JUD,LAWYER,GOV,ATTORNEY GENERAL,10,20230524040000
020,10,JUD,ATTORNEY,MED,PUBLICATION,10,20230524040000
124,10,JUD,ATTORNEY,MED,PUBLICATION,10,20230524040000
090,10,LEG,CONGRESS,,,5,20230524040000
026,5,LEG,CHAMBER,CVL,CONSTITUENT,5,20230524040000
010,10,MED,TELEVISION,BUS,COMPANIES,10,20230524040000
090,10,MED,SPOKESMAN,COP,POLICE,10,20230524040000
051,10,MED,COLUMNIST,CVL,COMMUNITY,10,20230524040000
020,10,MNCKOR,SAMSUNG,BUS,INDUSTRY,10,20230524040000
046,10,MNCUSA,MICROSOFT,,,10,20230524040000
060,10,MNCUSAMED,GOOGLE,,,10,20230524040000
111,10,MNCUSAMED,GOOGLE,,,10,20230524040000
090,10,MNCUSAMED,GOOGLE,MNCUSA,MICROSOFT,10,20230524040000
033,5,NGO,ROTARY CLUB,,,5,20230524040000
154,5,ZAF,SOUTH AFRICAN,MIL,DEFENCE FORCE,5,20230524040000
190,10,,,BEL,WATERLOO,10,20230524041500
190,5,,,CAN,EDMONTON,5,20230524041500
013,10,,,COP,PRISON,10,20230524041500
060,5,,,IND,RAJASTHAN,5,20230524041500
042,5,,,MYS,SABAH,5,20230524041500
017,5,AFR,AFRICA,,,5,20230524041500
013,10,AUSCOP,TASMANIA,,,10,20230524041500
173,20,CANCOP,EDMONTON,,,10,20230524041500
120,20,CANGOV,DAVID JOHNSTON,,,10,20230524041500
060,5,COP,POLICE,IND,RAJASTHAN,5,20230524041500
163,10,CVL,VILLAGE,,,10,20230524041500
172,10,CVL,ENGINEER,,,10,20230524041500
073,10,EDU,COLLEGE,HLH,HOSPITAL,10,20230524041500
015,10,GOV,MAYOR,,,10,20230524041500
022,10,GOV,GOVERNMENT,,,10,20230524041500
0234,10,GOV,GOVERNMENT,,,10,20230524041500
017,5,GOV,ADMINISTRATION,AFR,AFRICA,5,20230524041500
020,5,GOV,ADMINISTRATION,AFR,AFRICA,5,20230524041500
018,5,GOV,STATE LEADER,USA,CHARLOTTE,5,20230524041500
141,10,GOV,FIRE DEPARTMENT,USA,COLUMBUS,10,20230524041500
014,10,HLH,SURGEON,MED,MEDIA,10,20230524041500
051,10,HLH,SURGEON,MED,MEDIA,10,20230524041500
173,5,IND,MADHYA PRADESH,CVL,VILLAGE,5,20230524041500
141,40,LEG,HOUSE OF ASSEMBLY,,,20,20230524041500
010,70,LEG,SENATOR,GOV,MINIST,70,20230524041500
073,10,MED,WEBSITE,,,10,20230524041500
111,10,MNCKOR,HYUNDAI,,,10,20230524041500
043,5,MYS,SABAH,,,5,20230524041500
016,10,SLV,SANTA ANA,USA,CALIFORNIA,10,20230524041500
0311,5,USA,PORTLAND,,,5,20230524041500
173,5,USA,PORTLAND,COP,PRISON,5,20230524041500
020,10,USA,THE US,MED,MEDIA,10,20230524041500
100,10,ZAF,LIMPOPO,GOV,GOVERNMENT,10,20230524041500
061,10,,,BUS,ENTREPRENEUR,10,20230524051500
057,10,,,GOVEDU,MINIST OF EDUCATION,10,20230524051500
040,10,,,MNG,KHENTII,10,20230524051500
061,10,BUS,ENTREPRENEUR,,,10,20230524051500
046,10,BUS,BUSINESS,LAB,EMPLOYEE,10,20230524051500
043,10,COP,SECURITY FORCE,GOV,GOVERNMENT,10,20230524051500
193,10,CRM,ASSAILANT,REL,SAINT,10,20230524051500
010,10,CVL,RESIDENTS,JUD,PROSECUTOR,10,20230524051500
080,10,EDU,SCHOOL,JUD,PROSECUTOR,10,20230524051500
081,10,EDU,SCHOOL,JUD,PROSECUTOR,10,20230524051500
172,10,EDU,SCHOOL,LABEDU,EMPLOYEE,10,20230524051500
112,10,ESP,ANDALUSIA,,,10,20230524051500
042,10,GOV,GOVERNMENT,COP,SECURITY FORCE,10,20230524051500
120,10,GOV,GOVERNMENT,COP,SECURITY FORCE,10,20230524051500
180,10,GOV,GOVERNOR,CRM,CRIMINAL,10,20230524051500
057,10,GOVEDU,MINIST OF EDUCATION,,,10,20230524051500
061,10,HLH,DOCTOR,,,10,20230524051500
1041,10,JUD,ADVOCATE,,,10,20230524051500
046,10,LAB,EMPLOYEE,BUS,BUSINESS,10,20230524051500
051,10,LAB,EMPLOYEE,GOVENV,MINIST OF ENVIRONMENT,10,20230524051500
050,10,LEG,SENATE,,,10,20230524051500
051,10,LEG,CONGRESS,GOV,GOVERNMENT,10,20230524051500
1384,10,MIL,MILITARY,GOV,GOVERNMENT,10,20230524051500
043,10,MIL,MILITARY,RUS,ALTAI,10,20230524051500
040,10,MNG,KHENTII,,,10,20230524051500
040,10,MNG,KHENTII,LEG,PARLIAMENT,10,20230524051500
042,10,RUS,ALTAI,MIL,MILITARY,10,20230524051500
172,10,,,AGR,FARMER,10,20230524051500
160,10,,,COP,POLICE,10,20230524051500
0841,10,,,MNCHKG,LENOVO,10,20230524051500
190,10,,,dak,SIOUX,10,20230524051500
015,5,AGR,FARMER,,,5,20230524051500
172,10,AGR,FARMER,,,10,20230524051500
051,10,AUS,MELBOURNE,GRC,CRETE,10,20230524051500
045,10,BUS,COMPANY,,,10,20230524051500
084,10,COPJUD,POLICE,,,10,20230524051500
172,5,COPJUD,POLICE,,,5,20230524051500
023,5,CVL,RESIDENTS,,,5,20230524051500
090,5,CVL,SCIENTIST,USAEDU,WASHINGTON,5,20230524051500
143,10,EDU,STUDENT,,,10,20230524051500
036,10,EDU,SCHOOL,EDUEDU,SCHOOL,10,20230524051500
030,5,EDUEDU,SCHOOL,,,5,20230524051500
036,10,EDUEDU,SCHOOL,EDU,SCHOOL,10,20230524051500
043,10,FRA,CANNES,GOV,KING,10,20230524051500
020,10,GOV,ADMINISTRATION,EDUCOP,SCHOOL,10,20230524051500
020,10,GOV,KING,FRA,CANNES,10,20230524051500
042,10,GOV,KING,FRA,CANNES,10,20230524051500
010,10,GOV,CHIEF EXECUTIVE,GOVHLH,MINIST OF HEALTH,10,20230524051500
120,10,HIN,HINDU,MYS,PERLIS,10,20230524051500
010,10,HLHGOV,HOSPITAL,CVL,COMMUNITY,10,20230524051500
020,10,HLHGOV,HOSPITAL,CVL,COMMUNITY,10,20230524051500
040,10,IND,WEST BENGAL,,,10,20230524051500
014,5,JUD,MAGISTRATE,COP,POLICE,5,20230524051500
112,10,JUD,JUDGE,HINREL,HINDU,10,20230524051500
027,10,LEG,NATIONAL ASSEMBLY,,,10,20230524051500
180,10,MDV,MALE,,,10,20230524051500
110,5,MED,GAZETTE,CVL,VILLAGE,5,20230524051500
020,10,MYS,PUTRAJAYA,MOS,ISLAM,10,20230524051500
017,5,REL,BISHOP,CHE,SWITZERLAND,5,20230524051500
100,10,USA,FRESNO,GOV,KING,10,20230524051500
173,10,USA,COLUMBUS,MED,MAGAZINE,10,20230524051500
180,20,USACOP,PITTSBURGH,,,10,20230524051500
173,10,USACVL,FRESNO,USA,FRESNO,10,20230524051500
051,10,USAGOV,JOE BIDEN,BUS,BANK,10,20230524051500
193,10,USAGOV,JOE BIDEN,USAGOV,JOE BIDEN,10,20230524051500
010,10,chy,CHEYENNE,,,10,20230524051500
190,10,dak,SIOUX,,,10,20230524051500
043,10,,,GBR,LONDON,10,20230524050000
043,10,,,IDNCOP,MALUKU,10,20230524050000
040,10,,,SAU,MEDINA,10,20230524050000
112,10,COP,POLICE,OPP,PROTESTER,10,20230524050000
010,10,COPGOV,DEPUTIES,GOV,GOVERNMENT,10,20230524050000
020,10,COPGOV,DEPUTIES,GOV,GOVERNMENT,10,20230524050000
138,10,EDU,SCHOOL,,,10,20230524050000
020,10,EDU,STUDENT,COP,POLICE,10,20230524050000
036,10,ESP,ANDALUSIA,CVL,VILLAGE,10,20230524050000
042,10,GBR,LONDON,,,10,20230524050000
110,10,GOV,MAYOR,BUS,COMPANY,10,20230524050000
141,10,GOV,MINIST,LEG,SENATE,10,20230524050000
043,10,GOVBUS,CENTRAL BANK,LEG,CONGRESS,10,20230524050000
010,10,HLH,NURSE,FRA,REIMS,10,20230524050000
090,10,IDN,JAMBI,,,10,20230524050000
042,10,IDNCOP,MALUKU,,,10,20230524050000
091,10,IDNCOP,MALUKU,ELI,ACTOR,10,20230524050000
111,10,JUD,MAGISTRATE,CRI,COSTA RICA,10,20230524050000
042,10,LEG,CONGRESS,GOVBUS,CENTRAL BANK,10,20230524050000
010,10,MED,PUBLICATION,OPP,OPPOSITION PARTIES,10,20230524050000
036,10,PTY,POLITICIAN,,,10,20230524050000
040,10,SAU,MEDINA,,,10,20230524050000
080,10,,,BUS,COMPANY,10,20230524053000
042,10,,,IND,SRINAGAR,10,20230524053000
100,10,,,MNCUSA,NETFLIX,10,20230524053000
051,5,,,UIS,THE INTERNATIONAL COMMUNITY,5,20230524053000
080,10,,,USA,NASHVILLE,10,20230524053000
100,5,BUS,INDUSTRY,CVL,COMMUNITY,5,20230524053000
043,5,BUS,COMPANY,GBR,LONDON,5,20230524053000
042,10,BUS,BUSINESS,tms,TAMA,10,20230524053000
190,5,COP,POLICE,LAB,STAFF MEMBER,5,20230524053000
128,10,CRM,CRIMINAL,,,10,20230524053000
010,10,CVL,COMMUNITY,COP,POLICE,10,20230524053000
021,10,CVL,COMMUNITY,COP,POLICE,10,20230524053000
071,10,CVL,COMMUNITY,COP,POLICE,10,20230524053000
042,5,GBR,LONDON,BUS,COMPANY,5,20230524053000
100,20,GOV,PREMIER,AUS,VICTORIA,10,20230524053000
111,10,GOV,PREMIER,AUS,VICTORIA,10,20230524053000
173,5,GOV,CIVIL SERVICE,COP,POLICE,5,20230524053000
020,10,GOV,GOVERNMENT,IND,NEW DELHI,10,20230524053000
032,10,GOV,GOVERNMENT,LAB,WORKER,10,20230524053000
0353,5,GOV,GOVERNMENT,LAB,WORKER,5,20230524053000
014,5,GOV,CHIEF EXECUTIVE,LEG,DELEGATE,5,20230524053000
010,10,GOV,PRESIDENT,MED,MEDIA,10,20230524053000
036,5,GOV,CHIEF MINISTER,MED,MEDIA,5,20230524053000
032,5,IGOEUREEC,EUROPEAN COMMISSION,,,5,20230524053000
100,5,IGOUNO,THE UN,UIS,THE INTERNATIONAL COMMUNITY,5,20230524053000
043,10,IND,SRINAGAR,,,10,20230524053000
051,5,IND,MAHARASHTRA,sen,SENA,5,20230524053000
114,5,JUD,JUDGE,,,5,20230524053000
010,10,JUD,JUDGE,COP,PRISON,10,20230524053000
0311,10,LAB,WORKER,,,10,20230524053000
120,10,LAB,EMPLOYEE,,,10,20230524053000
030,10,LBN,TYRE,,,10,20230524053000
036,10,LEG,PARLIAMENT,OPP,THE OPPOSITION,10,20230524053000
036,5,MED,MEDIA,GOV,CHIEF MINISTER,5,20230524053000
012,5,MNCUSA,MICROSOFT,,,5,20230524053000
020,10,MNCUSAHLH,WALGREEN,JUD,FEDERAL COURT,10,20230524053000
051,10,OPP,ACTIVIST,,,10,20230524053000
172,5,POL,POLISH,,,5,20230524053000
110,10,REL,PILGRIM,,,10,20230524053000
020,5,USA,FLORIDA,LAB,EMPLOYEE,5,20230524053000
070,5,USA,WASHINGTON,LAB,EMPLOYEE,5,20230524053000
100,10,USAEDU,BOSTON,BUS,COMPANIES,10,20230524053000
010,10,fan,FANG,,,10,20230524053000
043,10,tms,TAMA,BUS,BUSINESS,10,20230524053000
036,10,,,CHRPRO210,LUTHERAN,10,20230524054500
052,10,,,COP,POLICE COMMISSIONER,10,20230524054500
071,10,AGR,FARMER,GOV,GOVERNMENT,10,20230524054500
043,5,BUS,INDUSTRY,ELI,ACTOR,5,20230524054500
111,10,CANGOV,MANITOBA,CVL,COMMUNITY,10,20230524054500
036,10,CHRPRO210,LUTHERAN,,,10,20230524054500
0353,10,COP,POLICE,MED,MEDIA,10,20230524054500
010,10,COP,POLICE,MIL,CARRIER,10,20230524054500
043,5,COP,POLICE,USA,CLEVELAND,5,20230524054500
010,10,COPMED,POLICE,COP,POLICE,10,20230524054500
026,10,CVL,RESIDENTS,,,10,20230524054500
020,10,CVL,COMMUNITY,AUS,VICTORIA,10,20230524054500
084,5,CVL,RESIDENTS,GOV,AUTHORITIES,5,20230524054500
051,10,CVLEDU,COMMUNITY,EDU,STUDENT,10,20230524054500
140,5,EDU,STUDENT,,,5,20230524054500
020,10,EDU,SCHOOL,CVL,COMMUNITY,10,20230524054500
010,5,EDU,UNIVERSITY,LAB,STAFF MEMBER,5,20230524054500
080,5,EDU,UNIVERSITY,LAB,STAFF MEMBER,5,20230524054500
042,5,ELI,ACTOR,BUS,INDUSTRY,5,20230524054500
010,5,GOV,PRESIDENT,CAN,MANITOBA,5,20230524054500
172,5,GOV,PRESIDENT,CAN,MANITOBA,5,20230524054500
051,5,GOV,MAYOR,COPGOV,DEPUTY,5,20230524054500
060,5,GOV,PRESIDENT,NER,NIGER,5,20230524054500
080,5,GOV,PRESIDENT,NER,NIGER,5,20230524054500
193,10,GOVBUS,NATIONAL BANK,,,10,20230524054500
030,10,GOVCOP,INSPECTOR GENERAL,PTY,POLITICAL PARTIES,10,20230524054500
040,10,GOVCOP,INSPECTOR GENERAL,PTY,POLITICAL PARTIES,10,20230524054500
071,10,HLH,NURSE,,,10,20230524054500
0842,10,HLH,HOSPITAL,,,10,20230524054500
173,10,HLH,HOSPITAL,COP,DEPUTIES,10,20230524054500
020,10,IGOUNOHLHWHO,WORLD HEALTH ORGANIZATION,,,10,20230524054500
154,10,IGOUNOHLHWHO,WORLD HEALTH ORGANIZATION,,,10,20230524054500
186,5,LAB,EMPLOYEE,JUD,PROSECUTOR,5,20230524054500
010,5,LEG,REPRESENTATIVES,EDU,UNIVERSITY,5,20230524054500
010,5,LEG,REPRESENTATIVES,JUD,TRIBUNAL,5,20230524054500
051,10,LEGGOV,FEDERATION COUNCIL,CVL,RESIDENTS,10,20230524054500
036,10,LEGLAB,CHAMBER,LEGGOV,CHAMBER,10,20230524054500
060,10,MIL,COMMANDER,COP,POLICE,5,20230524054500
020,5,MYS,SABAH,GOV,GOVERNMENT,5,20230524054500
040,10,PTY,POLITICAL PARTIES,GOVCOP,INSPECTOR GENERAL,10,20230524054500
172,10,USA,IOWA,,,10,20230524054500
180,10,USA,IOWA,,,10,20230524054500
042,5,USA,CLEVELAND,COP,POLICE,5,20230524054500
160,5,USA,CLEVELAND,COP,POLICE,5,20230524054500
073,5,VCTHLH,ST VINCENT,HLH,HOSPITAL,5,20230524054500
112,10,twi,ASHANTI,,,10,20230524054500
043,6,COP,PRISON,,,6,20230524063000
010,10,GOV,OFFICIAL SOURCE,,,10,20230524044500
010,10,BUS,BANK,,,10,20230524064500
173,3,JUD,SUPREME COURT,,,3,20230524050000
138,3,NGOHRI,HUMAN RIGHTS GROUP,,,3,20230524050000
172,10,AFG,AFGHANISTAN,,,10,20230524044500
120,10,CVLCVL,CIVILIAN,,,10,20230524063000
010,10,BUS,PRODUCER,,,10,20230524063000
071,10,BUS,PRODUCER,,,10,20230524063000
193,10,MED,WEBSITE,,,10,20230524063000
120,6,AUSCVL,AUSTRALIAN,,,6,20230524041500
084,3,USAGOV,BARACK OBAMA,,,3,20230524041500
060,2,JUD,LAWYER,,,2,20230524054500
042,2,USA,UNITED STATES,,,2,20230524054500
040,6,GOV,MINIST,,,6,20230524060000
020,8,BRA,BRAZIL,,,8,20230524053000
010,2,BHR,BAHRAIN,,,2,20230524041500
110,4,ARM,ARMENIA,,,4,20230524050000
051,4,AZE,AZERBAIJAN,,,4,20230524070000
030,3,CHL,SANTIAGO,,,3,20230524060000
036,10,CVL,TRAVELER,,,10,20230524061500
043,1,USA,UNITED STATES,,,1,20230524050000
040,2,USA,UNITED STATES,,,2,20230524070000
043,10,ALB,ALBANIA,,,10,20230524060000
173,1,ALB,ALBANIA,,,1,20230524060000
012,4,USA,UNITED STATES,,,2,20230524050000
111,6,ALB,ALBANIAN,,,6,20230524063000
020,10,JUD,PROSECUTOR,,,10,20230524063000
051,6,CHR,CHRISTIAN,,,6,20230524064500
043,1,TWN,TAIWAN,,,1,20230524063000
190,21,GBR,BIRMINGHAM,,,18,20230524064500
043,10,GOV,SECRETARY OF STATE,,,10,20230524064500
141,5,MNCUSA,LOCKHEED MARTIN,,,5,20230524064500
0833,8,USA,UNITED STATES,,,8,20230524064500
160,2,SCGSRB,SERBIA,,,2,20230524040000
080,2,ALB,ALBANIA,,,2,20230524040000
013,10,USA,ALABAMA,,,10,20230524040000
014,4,USA,UNITED STATES,,,4,20230524040000
070,10,BUS,COMPANIES,,,10,20230524054500
017,10,ARM,ARMENIA,,,10,20230524060000
203,10,ARM,ARMENIAN,,,10,20230524060000
110,6,ARM,ARMENIA,,,6,20230524050000
084,10,COP,DEPUTY,,,10,20230524044500
100,10,GOV,PRESIDENT,,,10,20230524061500
010,10,MIL,ARMY,,,10,20230524063000
070,10,MIL,MILITARY,,,10,20230524063000
010,5,SPY,INTELLIGENCE,,,5,20230524070000
050,10,SPY,INTELLIGENCE,,,10,20230524070000
010,6,LEG,LAWMAKER,,,6,20230524041500
040,10,JUD,LAWYER,,,10,20230524060000
040,10,LAB,WORKER,,,10,20230524060000
120,10,LAB,EMPLOYEE,,,10,20230524054500
090,10,LEG,CHAMBER,,,10,20230524053000
090,2,MAR,MOROCCAN,,,2,20230524053000
036,2,USA,UNITED STATES,,,2,20230524061500
071,3,USACVL,ARKANSAS,,,3,20230524061500
071,10,GOV,AUTHORITIES,,,10,20230524044500
090,10,USA,ARKANSAS,,,10,20230524044500
040,10,LEG,GENERAL ASSEMBLY,,,10,20230524044500
114,10,ARG,ARGENTINA,,,10,20230524061500
070,10,BUS,ENTREPRENEUR,,,10,20230524061500
012,10,EUR,EUROPE,,,10,20230524061500